Model,Accuracy,Balanced Accuracy,AUC,F1 Score
lda,0.9406392694063926,0.934300359673494,0.9833803565146849,0.918444165621079
