Model,Accuracy,Balanced Accuracy,AUC,F1 Score,Confusion Matrix
lda,0.9625570776255707,0.9531832181085913,0.9928208883432763,0.9473684210526315,"[[685, 8], [33, 369]]"
logit,0.9525114155251142,0.9499472335293231,0.9934275232782694,0.9356435643564357,"[[665, 28], [24, 378]]"
qda,0.36712328767123287,0.5,0.5,0.5370741482965932,"[[0, 693], [0, 402]]"
knn,0.7881278538812785,0.7772501130710086,0.8737553215165156,0.7184466019417476,"[[567, 126], [106, 296]]"
svm,0.9506849315068493,0.9458928302211884,,0.9325,"[[668, 25], [29, 373]]"
rf,0.9497716894977168,0.933158880920075,0.9923452721960185,0.9271523178807947,"[[690, 3], [52, 350]]"
gbdt,0.9616438356164384,0.9540285585061705,0.9933880381641575,0.9465648854961832,"[[681, 12], [30, 372]]"
