Model,Accuracy,Balanced Accuracy,AUC,F1 Score,Confusion Matrix
lda,0.965296803652968,0.95587000064612,0.9932336872635381,0.9511568123393316,"[[687, 6], [32, 370]]"
logit,0.9579908675799087,0.9537539574853008,0.9934849561715233,0.9425,"[[672, 21], [25, 377]]"
qda,0.36712328767123287,0.5,0.5,0.5370741482965932,"[[0, 693], [0, 402]]"
knn,0.7881278538812785,0.7772501130710086,0.8737553215165156,0.7184466019417476,"[[567, 126], [106, 296]]"
svm,0.9561643835616438,0.952833236415326,,0.9402985074626866,"[[669, 24], [24, 378]]"
rf,0.94337899543379,0.9244524132583833,0.9925552612119776,0.9171122994652406,"[[690, 3], [59, 343]]"
gbdt,0.9634703196347032,0.9549492795761452,0.9942997853445615,0.948849104859335,"[[684, 9], [31, 371]]"
