Model,Accuracy,Balanced Accuracy,AUC,F1 Score,Confusion Matrix
lda_pca,0.9497716894977168,0.9357702827852081,0.9936536652954563,0.9281045751633987,"[[685, 8], [47, 355]]"
logit_pca,0.9662100456621004,0.964947987336047,0.9943392704586733,0.9542645241038319,"[[672, 21], [16, 386]]"
qda_pca,0.9598173515981735,0.9578083607934353,0.9931295901445156,0.9455445544554455,"[[669, 24], [20, 382]]"
knn_pca,0.9278538812785389,0.9111423402468178,0.956435355689087,0.8961892247043364,"[[675, 18], [61, 341]]"
svm_pca,0.9671232876712329,0.9661917684305744,0.9944505466893526,0.9555555555555556,"[[672, 21], [15, 387]]"
rf_pca,0.9570776255707762,0.9467650922874804,0.9886354662474065,0.9395109395109396,"[[683, 10], [37, 365]]"
gbdt_pca,0.9470319634703196,0.9383063039779458,0.9901682065861169,0.926208651399491,"[[673, 20], [38, 364]]"
