Model,Accuracy,Balanced Accuracy,AUC,F1 Score,Confusion Matrix
lda_pca,0.9506849315068493,0.9370140638797355,0.993599821958031,0.9295039164490861,"[[685, 8], [46, 356]]"
logit_pca,0.965296803652968,0.964748766987573,0.9942567106746212,0.9532019704433498,"[[670, 23], [15, 387]]"
qda_pca,0.960730593607306,0.9595744222609894,0.9934382919457547,0.9469790382244143,"[[668, 25], [18, 384]]"
knn_pca,0.9278538812785389,0.9111423402468178,0.9575624762191925,0.8961892247043364,"[[675, 18], [61, 341]]"
svm_pca,0.965296803652968,0.9637042062415198,,0.9529702970297029,"[[672, 21], [17, 385]]"
rf_pca,0.958904109589041,0.9487303741035085,0.9889046829345336,0.9420849420849421,"[[684, 9], [36, 366]]"
gbdt_pca,0.954337899543379,0.9477342723611379,0.9903476843775351,0.9368686868686869,"[[674, 19], [31, 371]]"
