Model,Accuracy,Balanced Accuracy,AUC,F1 Score,Confusion Matrix
elasticnet_logit_pca,0.971689497716895,0.9677101505459715,0.9945366960292332,0.9611041405269761,"[[681, 12], [19, 383]]"
