Model,Accuracy,Balanced Accuracy,F1 Score,AUC,Confusion Matrix
gbdt_pca,0.9406392694063926,0.9285552755702009,0.9161290322580645,0.9846618279454101,"[[675, 18], [47, 355]]"
