Model,Accuracy,Balanced Accuracy,F1 Score,AUC,Confusion Matrix
gbdt_pca,0.954337899543379,0.9451228704960049,0.9360613810741688,0.9872750245884575,"[[679, 14], [36, 366]]"
