Model,Accuracy,Balanced Accuracy,AUC,F1 Score,Confusion Matrix
gbdt_pca,0.954337899543379,0.9477342723611379,0.9903476843775351,0.9368686868686869,"[[674, 19], [31, 371]]"
