Model,Accuracy,Balanced Accuracy,AUC,F1 Score,Confusion Matrix
gbdt,0.9616438356164384,0.9540285585061705,0.9933880381641575,0.9465648854961832,"[[681, 12], [30, 372]]"
