Model,Accuracy,Balanced Accuracy,AUC,F1 Score,Confusion Matrix
knn_pca,0.9278538812785389,0.9111423402468178,0.9575624762191925,0.8961892247043364,"[[675, 18], [61, 341]]"
