Model,Accuracy,Balanced Accuracy,F1 Score,AUC,Confusion Matrix
knn,0.7881278538812785,0.7772501130710086,0.7184466019417476,0.8737553215165156,"[[567, 126], [106, 296]]"
