Model,Accuracy,Balanced Accuracy,F1 Score,AUC,Confusion Matrix
knn_pca,0.9315068493150684,0.9145506235058474,0.9011857707509882,0.971315859375561,"[[678, 15], [60, 342]]"
