Model,Accuracy,Balanced Accuracy,AUC,F1 Score,Confusion Matrix
knn,0.7881278538812785,0.7772501130710086,0.8737553215165156,0.7184466019417476,"[[567, 126], [106, 296]]"
