Model,Accuracy,Balanced Accuracy,F1 Score,AUC,Confusion Matrix
knn_pca,0.9187214611872146,0.8913926040791713,0.8769017980636238,0.982350153991945,"[[689, 4], [85, 317]]"
