,mean_fit_time,std_fit_time,mean_score_time,std_score_time,param_pca__n_components,params,split0_test_score,split1_test_score,split2_test_score,split3_test_score,split4_test_score,mean_test_score,std_test_score,rank_test_score
0,2.1412976741790772,0.17503046574933567,0.0829543113708496,0.015979459492228922,10,{'pca__n_components': 10},0.9147286821705426,0.9192546583850931,0.8998410174880763,0.9237947122861586,0.8783570300157978,0.9071952200691337,0.01651333852828324,4
1,4.036963319778442,0.45548349453817605,0.10733280181884766,0.04897265209376108,100,{'pca__n_components': 100},0.928462709284627,0.9341500765696784,0.9195046439628483,0.9445277361319341,0.9280245022970903,0.9309339336492357,0.008250278111818714,1
2,23.12777452468872,0.6598068876279073,0.5633992671966552,0.12865506867001786,1000,{'pca__n_components': 1000},0.9260935143288085,0.9397590361445783,0.916923076923077,0.9417040358744395,0.9235474006116208,0.9296054127765048,0.009584856109118432,2
3,94.11946654319763,2.3784706124913284,1.3224100112915038,0.2809495477527169,2000,{'pca__n_components': 2000},0.9239940387481371,0.9303703703703704,0.8995502248875562,0.9226190476190477,0.9140271493212669,0.9181121661892757,0.01064335475746735,3
4,97.59765553474426,20.775820425956745,1.039567470550537,0.34159619064920355,3000,{'pca__n_components': 3000},0.8554396423248882,0.8340675477239354,0.827485380116959,0.8790560471976401,0.855072463768116,0.8502242162263078,0.018221269195526708,5
