Model,Accuracy,Balanced Accuracy,F1 Score,AUC,Confusion Matrix
lda_pca,0.8776255707762557,0.8401229781826797,0.8074712643678161,0.9411635904173217,"[[680, 13], [121, 281]]"
