Model,Accuracy,Balanced Accuracy,F1 Score,AUC,Confusion Matrix
lda_pca,0.9095890410958904,0.8789547931338977,0.8611500701262272,0.979920024696144,"[[689, 4], [95, 307]]"
