Model,Accuracy,Balanced Accuracy,F1 Score,AUC,Confusion Matrix
lda,0.965296803652968,0.95587000064612,0.9511568123393316,0.9932336872635381,"[[687, 6], [32, 370]]"
