Model,Accuracy,Balanced Accuracy,AUC,F1 Score,Confusion Matrix
lda,0.9625570776255707,0.9531832181085913,0.9928208883432763,0.9473684210526315,"[[685, 8], [33, 369]]"
