Model,Accuracy,Balanced Accuracy,AUC,F1 Score,Confusion Matrix
lda_pca,0.9497716894977168,0.9357702827852081,0.9936536652954563,0.9281045751633987,"[[685, 8], [47, 355]]"
