Model,Accuracy,Balanced Accuracy,F1 Score,AUC,Confusion Matrix
lda_pca,0.94337899543379,0.9244524132583833,0.9171122994652406,0.9898379674499077,"[[690, 3], [59, 343]]"
