mean_fit_time,std_fit_time,mean_score_time,std_score_time,param_lda__solver,param_lda__shrinkage,params,split0_test_score,split1_test_score,split2_test_score,split3_test_score,split4_test_score,mean_test_score,std_test_score,rank_test_score
57.0557924747467,0.3273379146346007,0.0239687442779541,0.004767602838060817,svd,,{'lda__solver': 'svd'},0.7095890410958904,0.6926286509040334,0.7283072546230441,0.7613941018766756,0.6976090014064698,0.7179056099812227,0.024977932005859564,5
53.59254550933838,0.13423430606473236,0.02031283378601074,0.004239554331734561,lsqr,0.0,"{'lda__shrinkage': 0.0, 'lda__solver': 'lsqr'}",0.40302267002518893,0.4416243654822335,0.42105263157894735,0.36750998668442075,0.4625158831003812,0.4191451073742344,0.03260705002140136,6
54.947018671035764,0.7890007838773692,0.02438044548034668,0.006217202269918146,lsqr,0.1,"{'lda__shrinkage': 0.1, 'lda__solver': 'lsqr'}",0.8954344624447718,0.8766716196136701,0.8490284005979073,0.8991097922848664,0.8768328445747801,0.8794154239031992,0.017787900972696977,3
54.72356123924256,0.19284463377005345,0.022831821441650392,0.0038772145828383673,lsqr,0.5,"{'lda__shrinkage': 0.5, 'lda__solver': 'lsqr', 'MODEL_NAME': 'lda', 'TIME_ELAPSED_MIN': 2.8175179322560626}",0.9323308270676691,0.9349470499243571,0.9071537290715372,0.9401197604790419,0.9448584202682563,0.9318819573621724,0.013094514428311705,1
42.447842311859134,9.36602083694157,0.020109224319458007,0.005910890658594401,lsqr,1.0,"{'lda__shrinkage': 1.0, 'lda__solver': 'lsqr'}",0.7451564828614009,0.777947932618683,0.7410714285714286,0.7916666666666666,0.6865203761755486,0.7484725773787455,0.03643727387270023,4
44.423971033096315,0.7495194331552952,0.012078952789306641,0.0014048851251453663,lsqr,auto,"{'lda__shrinkage': 'auto', 'lda__solver': 'lsqr'}",0.9253731343283582,0.9112781954887218,0.9006024096385542,0.9281437125748503,0.9166666666666666,0.9164128237394303,0.009942826120021396,2
