Model,Accuracy,Balanced Accuracy,F1 Score,AUC,Confusion Matrix
lda,0.954337899543379,0.9477342723611379,0.9368686868686869,0.9908143266352222,"[[674, 19], [31, 371]]"
