Model,Accuracy,Balanced Accuracy,AUC,F1 Score,Confusion Matrix
logit,0.9525114155251142,0.9499472335293231,0.9934275232782694,0.9356435643564357,"[[665, 28], [24, 378]]"
