Model,Accuracy,Balanced Accuracy,AUC,F1 Score,Confusion Matrix
logit,0.9534246575342465,0.9511910146238505,0.9935531577322622,0.9369592088998764,"[[665, 28], [23, 379]]"
