,mean_fit_time,std_fit_time,mean_score_time,std_score_time,param_logit__C,params,split0_test_score,split1_test_score,split2_test_score,split3_test_score,split4_test_score,mean_test_score,std_test_score,rank_test_score
0,0.6271565914154053,0.12515841049797274,0.013742589950561523,0.0037019575420046526,0.01,{'logit__C': 0.01},0.9315476190476191,0.9347181008902077,0.9315068493150684,0.9418777943368107,0.9104477611940298,0.9300196249567472,0.010490913311277309,5
1,0.48941802978515625,0.025254843879507754,0.012814188003540039,0.003207518404761486,1.0,{'logit__C': 1.0},0.9335302806499262,0.9394387001477105,0.9381598793363499,0.948301329394387,0.9058823529411765,0.93306250849391,0.01440722276227381,1
2,0.48253803253173827,0.0528099151434033,0.015119028091430665,0.008168071522219473,10.0,{'logit__C': 10.0},0.9335302806499262,0.9394387001477105,0.9381598793363499,0.948301329394387,0.9058823529411765,0.93306250849391,0.01440722276227381,1
3,0.5989497184753418,0.11542221036971327,0.012507295608520508,0.00268369040207129,100.0,{'logit__C': 100.0},0.9335302806499262,0.9394387001477105,0.9381598793363499,0.948301329394387,0.9058823529411765,0.93306250849391,0.01440722276227381,1
4,0.5191296100616455,0.04290537795388965,0.012690019607543946,0.0010938171448830161,1000000.0,{'logit__C': 1000000.0},0.9319526627218935,0.9394387001477105,0.9381598793363499,0.948301329394387,0.9058823529411765,0.9327469849083035,0.014410798102750949,4
