Model,Accuracy,Balanced Accuracy,F1 Score,AUC,Confusion Matrix
logit,0.9579908675799087,0.9537539574853008,0.9425,0.9934849561715233,"[[672, 21], [25, 377]]"
