Model,Accuracy,Balanced Accuracy,F1 Score,AUC,Confusion Matrix
logit_pca_extra,0.960730593607306,0.954351618530723,0.9456384323640961,0.9926019254377464,"[[678, 15], [28, 374]]"
