Model,Accuracy,Balanced Accuracy,F1 Score,AUC,Confusion Matrix
qda_pca,0.9534246575342465,0.9454459305205574,0.9351969504447268,0.9896872061051165,"[[676, 17], [34, 368]]"
