Model,Accuracy,Balanced Accuracy,F1 Score,AUC,Confusion Matrix
qda_pca,0.9552511415525115,0.9484557730826387,0.9380530973451328,0.9897374598867137,"[[675, 18], [31, 371]]"
