Model,Accuracy,Balanced Accuracy,F1 Score,AUC,Confusion Matrix
rf,0.94337899543379,0.9244524132583833,0.9171122994652406,0.9925552612119776,"[[690, 3], [59, 343]]"
