Model,Accuracy,Balanced Accuracy,AUC,F1 Score,Confusion Matrix
rf,0.94337899543379,0.9244524132583833,0.9925552612119776,0.9171122994652406,"[[690, 3], [59, 343]]"
