Model,Accuracy,Balanced Accuracy,AUC,F1 Score,Confusion Matrix
rf,0.9497716894977168,0.933158880920075,0.9923452721960185,0.9271523178807947,"[[690, 3], [52, 350]]"
