Model,Accuracy,Balanced Accuracy,F1 Score,AUC,Confusion Matrix
rf_pca,0.9415525114155251,0.9297990566647283,0.9175257731958762,0.9815748099330189,"[[675, 18], [46, 356]]"
