Model,Accuracy,Balanced Accuracy,F1 Score,AUC,Confusion Matrix
rf_pca,0.9442922374429223,0.9330081195752837,0.9214929214929215,0.9834772745220506,"[[676, 17], [44, 358]]"
