Model,Accuracy,Balanced Accuracy,F1 Score,AUC,Confusion Matrix
svm_pca,0.9671232876712329,0.9609689647003079,0.9544303797468354,,"[[682, 11], [25, 377]]"
