Model,Accuracy,Balanced Accuracy,AUC,F1 Score,Confusion Matrix
svm,0.9561643835616438,0.952833236415326,,0.9402985074626866,"[[669, 24], [24, 378]]"
