mean_fit_time,std_fit_time,mean_score_time,std_score_time,param_voting_no_pca__voting,params,split0_test_score,split1_test_score,split2_test_score,split3_test_score,split4_test_score,mean_test_score,std_test_score,rank_test_score
227.17314219474792,0.9820337869238803,7.031829309463501,0.3223902151444946,hard,{'voting_no_pca__voting': 'hard'},0.9367469879518072,0.9308755760368663,0.9197530864197531,0.9377845220030349,0.9515151515151515,0.9353350647853226,0.010319628520028523,2
226.89134001731873,0.8606932019773309,7.113732194900512,0.23272417690508976,soft,"{'voting_no_pca__voting': 'soft', 'MODEL_NAME': 'voting_no_pca', 'TIME_ELAPSED_MIN': 6.206235682964325}",0.9456681350954479,0.9333333333333333,0.9285714285714286,0.9441176470588235,0.9631811487481591,0.9429743385614385,0.011977242337012856,1
